stock_id,exchange
HPG,HOSE
VGC,HOSE
HT1,HOSE
DGW,HOSE
HHS,HOSE
IMP,HOSE
NTP,HNX
FPT,HOSE
IPA,HNX
SAS,UPCOM
CTD,HOSE
PTB,HOSE
GEX,HOSE
QNS,UPCOM
NT2,HOSE
VSC,HOSE
HPA,HOSE
CII,HOSE
CRE,HOSE
DSC,HOSE
TCX,HOSE
KLB,HOSE
VRE,HOSE
DHT,HNX
DIG,HOSE
DDV,UPCOM
DGC,HOSE
VDS,HOSE
VJC,HOSE
STB,HOSE
PNJ,HOSE
NAB,HOSE
PVI,HNX
VBB,UPCOM
PGB,UPCOM
GEL,HOSE
PPC,HOSE
ACB,HOSE
NKG,HOSE
GMD,HOSE
HDB,HOSE
BVH,HOSE
TCH,HOSE
TAL,HOSE
PVT,HOSE
SJS,HOSE
DPR,HOSE
AGR,HOSE
DPM,HOSE
GEE,HOSE
VHC,HOSE
DCM,HOSE
NLG,HOSE
PLX,HOSE
HDG,HOSE
PET,HOSE
AST,HOSE
KDH,HOSE
DHC,HOSE
BWE,HOSE
VNM,HOSE
DPG,HOSE
PDR,HOSE
MWG,HOSE
OIL,UPCOM
SGP,UPCOM
PHR,HOSE
THD,HNX
PVS,HNX
DBD,HOSE
QCG,HOSE
VND,HOSE
TCB,HOSE
DBC,HOSE
HSG,HOSE
HUT,HNX
HCM,HOSE
EVF,HOSE
VIB,HOSE
AAA,HOSE
HAH,HOSE
KDC,HOSE
SSB,HOSE
SAB,HOSE
SCS,HOSE
EIB,HOSE
FTS,HOSE
NVL,HOSE
CEO,HNX
BVB,UPCOM
SSI,HOSE
VIC,HOSE
MSH,HOSE
MSR,UPCOM
ANV,HOSE
VGI,UPCOM
VGT,UPCOM
FRT,HOSE
SHB,HOSE
QTP,UPCOM
ACG,HOSE
DSE,HOSE
CSV,HOSE
DXG,HOSE
SHS,HNX
REE,HOSE
ORS,HOSE
VTP,HOSE
TNG,HNX
BSR,HOSE
VCB,HOSE
CTS,HOSE
VPL,HOSE
MSB,HOSE
PC1,HOSE
PGV,HOSE
VCK,HOSE
VAB,HOSE
HHV,HOSE
VHM,HOSE
VPB,HOSE
VPX,HOSE
GAS,HOSE
DNW,UPCOM
TPB,HOSE
VCG,HOSE
PVD,HOSE
NVB,HNX
DXS,HOSE
HDC,HOSE
CTG,HOSE
GEG,HOSE
DVN,UPCOM
OCB,HOSE
VIX,HOSE
LPB,HOSE
ACV,UPCOM
TVS,HOSE
KBC,HOSE
TVN,UPCOM
ABB,UPCOM
CMG,HOSE
FOX,UPCOM
SIP,HOSE
DCL,HOSE
IDC,HNX
CHP,HOSE
ECO,UPCOM
CTR,HOSE
POW,HOSE
HNG,UPCOM
F88,UPCOM
VCI,HOSE
TLG,HOSE
HAG,HOSE
HVN,HOSE
MSN,HOSE
MVN,UPCOM
SZC,HOSE
PAN,HOSE
PHP,UPCOM
IJC,HOSE
KSV,HNX
VC3,HNX
CDN,HNX
GVR,HOSE
TOS,UPCOM
NTC,HOSE
DHG,HOSE
